train_seed,id,world,seed,repeat,checkpoint_steps,planner,steps,max_steps,travel_m,start_dist_m,dist_to_goal_m,min_dist_to_goal_m,min_dist_step,net_disp_m,cells_visited,min_clear_m,stopped_steps,collisions,hit_unknown,reached_goal,r_progress,r_coverage,r_time,r_stop,r_clear,r_seen,r_revisit,r_terminal,goal_tol_m,robot_r,goal_x,goal_y
7,0,maze,101,0,149994,policy,3000,3000,131.6697235107422,44.0926628112793,47.02186584472656,41.8132209777832,49,3.1206746101379395,10,0.7115154266357422,0,0,0,0,14.155083656311035,3.4019269943237305,-2.999964952468872,0.0,-0.18731996417045593,0.0,0.0,0.0,3.0,0.6,36.94566345214844,31.30017852783203
7,1,maze,101,1,149994,policy,3000,3000,139.88316345214844,44.0926628112793,46.92314147949219,41.62841796875,56,3.0119895935058594,12,0.8232213854789734,0,0,0,0,13.66207218170166,4.08231258392334,-2.999964952468872,0.0,0.0,0.0,0.0,0.0,3.0,0.6,36.94566345214844,31.30017852783203
7,2,maze,102,0,149994,policy,336,3000,18.774063110351562,26.98373794555664,28.1960506439209,23.372156143188477,128,1.2188493013381958,12,0.592210054397583,0,1,1,0,9.033958435058594,6.670685291290283,-0.3359992206096649,0.0,-7.816499710083008,0.0,0.0,-300.0,3.0,0.6,17.088871002197266,24.572813034057617
7,3,maze,102,1,149994,policy,3000,3000,31.933143615722656,26.98373794555664,28.01540756225586,23.402334213256836,77,1.0328575372695923,11,0.8718923330307007,2279,0,0,0,7.655420780181885,6.114794731140137,-2.999964952468872,-227.9047088623047,0.0,0.0,0.0,0.0,3.0,0.6,17.088871002197266,24.572813034057617
7,4,maze,103,0,149994,policy,190,3000,11.040061950683594,36.81302261352539,37.16262435913086,34.22612762451172,57,0.9617917537689209,9,0.590787947177887,0,1,1,0,5.22528076171875,3.6671805381774902,-0.19000020623207092,0.0,-1.7612278461456299,0.0,0.0,-300.0,3.0,0.6,28.44996452331543,28.44996452331543
7,5,maze,103,1,149994,policy,537,3000,31.91892433166504,36.81302261352539,38.121395111083984,30.794355392456055,232,1.319303035736084,22,0.5822135210037231,0,1,1,0,7.1676025390625,8.96422004699707,-0.5369966626167297,0.0,-1.2455132007598877,0.0,0.0,-300.0,3.0,0.6,28.44996452331543,28.44996452331543
7,6,maze,104,0,149994,policy,3000,3000,35.29903793334961,39.78676986694336,41.843788146972656,30.434326171875,279,2.0798654556274414,30,0.7931567430496216,2434,0,0,0,10.45510196685791,11.310291290283203,-2.999964952468872,-243.40565490722656,-0.4635820984840393,0.0,0.0,0.0,3.0,0.6,22.45723533630371,37.262062072753906
7,7,maze,104,1,149994,policy,229,3000,14.474111557006836,39.78676986694336,31.411130905151367,31.403446197509766,226,11.174448013305664,15,0.590230405330658,0,1,1,0,56.171688079833984,5.655147552490234,-0.2290002852678299,0.0,-1.1675325632095337,0.0,0.0,-300.0,3.0,0.6,22.45723533630371,37.262062072753906
7,8,maze,105,0,149994,policy,3000,3000,129.6891632080078,50.997222900390625,46.94335174560547,46.795555114746094,174,7.092279434204102,10,0.7675836086273193,0,0,0,0,27.81436538696289,2.9413368701934814,-2.999964952468872,0.0,-0.11082269251346588,0.0,0.0,0.0,3.0,0.6,36.20426559448242,41.73569107055664
7,9,maze,105,1,149994,policy,3000,3000,64.97278594970703,50.997222900390625,53.845611572265625,46.280033111572266,132,2.876307964324951,22,0.6556076407432556,1517,0,0,0,11.280266761779785,6.470941066741943,-2.999964952468872,-151.70005798339844,-2.56101393699646,0.0,0.0,0.0,3.0,0.6,36.20426559448242,41.73569107055664
7,10,maze,106,0,149994,policy,3000,3000,130.4942626953125,20.522558212280273,21.961624145507812,19.320383071899414,34,1.5758352279663086,7,0.8195835947990417,0,0,0,0,15.357098579406738,5.116321563720703,-2.999964952468872,0.0,0.0,0.0,0.0,0.0,3.0,0.6,16.57559585571289,16.57559585571289
7,11,maze,106,1,149994,policy,3000,3000,115.70288848876953,20.522558212280273,22.05727195739746,19.234086990356445,33,1.7177026271820068,6,0.8387194871902466,0,0,0,0,16.73965835571289,4.38541841506958,-2.999964952468872,0.0,0.0,0.0,0.0,0.0,3.0,0.6,16.57559585571289,16.57559585571289
8,0,maze,101,0,149994,policy,3000,3000,185.01663208007812,44.0926628112793,36.63628387451172,9.605958938598633,2030,12.322674751281738,142,0.6325918436050415,0,0,0,0,55.8946418762207,48.30728530883789,-2.999964952468872,0.0,-8.232654571533203,0.0,0.0,0.0,3.0,0.6,36.94566345214844,31.30017852783203
8,1,maze,101,1,149994,policy,3000,3000,168.3767852783203,44.0926628112793,20.108251571655273,15.514087677001953,2413,24.632097244262695,89,0.6569664478302002,0,0,0,0,111.72850036621094,30.277156829833984,-2.999964952468872,0.0,-3.9346396923065186,0.0,0.0,0.0,3.0,0.6,36.94566345214844,31.30017852783203
8,2,maze,102,0,149994,policy,3000,3000,135.86697387695312,26.98373794555664,13.400547981262207,12.654814720153809,320,13.631794929504395,21,0.8836737871170044,0,0,0,0,101.03700256347656,11.673697471618652,-2.999964952468872,0.0,0.0,0.0,0.0,0.0,3.0,0.6,17.088871002197266,24.572813034057617
8,3,maze,102,1,149994,policy,2625,3000,124.4827880859375,26.98373794555664,18.67007827758789,12.85837173461914,399,8.59330940246582,33,0.5902786254882812,0,1,1,0,63.6925048828125,18.344383239746094,-2.6249921321868896,0.0,-53.72547912597656,0.0,0.0,-300.0,3.0,0.6,17.088871002197266,24.572813034057617
8,4,maze,103,0,149994,policy,3000,3000,186.07752990722656,36.81302261352539,30.016677856445312,3.2920093536376953,1402,12.35717487335205,157,0.7975664138793945,0,0,0,0,67.13481140136719,63.97184371948242,-2.999964952468872,0.0,-0.0013221397530287504,0.0,0.0,0.0,3.0,0.6,28.44996452331543,28.44996452331543
8,5,maze,103,1,149994,policy,938,3000,45.170265197753906,36.81302261352539,31.24066734313965,30.173118591308594,196,9.74893856048584,17,0.5874692797660828,0,1,1,0,52.96462631225586,6.926896572113037,-0.9379914999008179,0.0,-11.15224552154541,0.0,0.0,-300.0,3.0,0.6,28.44996452331543,28.44996452331543
8,6,maze,104,0,149994,policy,3000,3000,132.79190063476562,39.78676986694336,31.186697006225586,31.027170181274414,223,11.23583698272705,21,0.6057156920433044,0,0,0,0,56.48042678833008,7.917206764221191,-2.999964952468872,0.0,-28.314472198486328,0.0,0.0,0.0,3.0,0.6,22.45723533630371,37.262062072753906
8,7,maze,104,1,149994,policy,3000,3000,165.1735382080078,39.78676986694336,16.057476043701172,16.002513885498047,2281,26.648836135864258,94,0.6036171913146973,0,0,0,0,133.95823669433594,35.438941955566406,-2.999964952468872,0.0,-14.024747848510742,0.0,0.0,0.0,3.0,0.6,22.45723533630371,37.262062072753906
8,8,maze,105,0,149994,policy,3000,3000,137.36280822753906,50.997222900390625,35.264041900634766,35.16004943847656,1439,19.189464569091797,29,0.6915481090545654,0,0,0,0,75.25679779052734,8.529877662658691,-2.999964952468872,0.0,-0.2227732092142105,0.0,0.0,0.0,3.0,0.6,36.20426559448242,41.73569107055664
8,9,maze,105,1,149994,policy,3000,3000,168.06228637695312,50.997222900390625,47.78634262084961,35.13603591918945,2592,5.960224628448486,81,0.6474501490592957,0,0,0,0,23.374649047851562,23.824851989746094,-2.999964952468872,0.0,-4.6930365562438965,0.0,0.0,0.0,3.0,0.6,36.20426559448242,41.73569107055664
8,10,maze,106,0,149994,policy,3000,3000,148.7477569580078,20.522558212280273,1.7521151304244995,0.040306124836206436,1484,22.070783615112305,51,0.6134082674980164,0,0,0,0,215.0874481201172,37.27606964111328,-2.999964952468872,0.0,-11.887564659118652,0.0,0.0,0.0,3.0,0.6,16.57559585571289,16.57559585571289
8,11,maze,106,1,149994,policy,3000,3000,154.7511749267578,20.522558212280273,2.041550874710083,0.1802770048379898,2530,22.305328369140625,57,0.815861701965332,0,0,0,0,217.3736114501953,41.66149139404297,-2.999964952468872,0.0,0.0,0.0,0.0,0.0,3.0,0.6,16.57559585571289,16.57559585571289
9,0,maze,101,0,149994,policy,3000,3000,179.16737365722656,44.0926628112793,24.38356590270996,9.620816230773926,1606,25.917177200317383,133,0.8255188465118408,0,0,0,0,117.55768585205078,45.245567321777344,-2.999964952468872,0.0,0.0,0.0,0.0,0.0,3.0,0.6,36.94566345214844,31.30017852783203
9,1,maze,101,1,149994,policy,3000,3000,157.38307189941406,44.0926628112793,20.883499145507812,18.17742347717285,2748,33.250789642333984,75,0.7455012202262878,0,0,0,0,150.8224334716797,25.51445770263672,-2.999964952468872,0.0,-0.27863675355911255,0.0,0.0,0.0,3.0,0.6,36.94566345214844,31.30017852783203
9,2,maze,102,0,149994,policy,3000,3000,135.8556365966797,26.98373794555664,12.364529609680176,11.846128463745117,368,15.716065406799316,24,0.8652225136756897,0,0,0,0,116.48561096191406,13.341367721557617,-2.999964952468872,0.0,0.0,0.0,0.0,0.0,3.0,0.6,17.088871002197266,24.572813034057617
9,3,maze,102,1,149994,policy,3000,3000,134.1147003173828,26.98373794555664,17.12532615661621,16.48184585571289,284,10.450142860412598,22,0.7413572669029236,0,0,0,0,77.45491790771484,12.22958755493164,-2.999964952468872,0.0,-0.5270126461982727,0.0,0.0,0.0,3.0,0.6,17.088871002197266,24.572813034057617
9,4,maze,103,0,149994,policy,3000,3000,138.51197814941406,36.81302261352539,17.13209342956543,17.05838966369629,2413,19.68094825744629,32,0.855037271976471,0,0,0,0,106.92390441894531,13.038869857788086,-2.999964952468872,0.0,0.0,0.0,0.0,0.0,3.0,0.6,28.44996452331543,28.44996452331543
9,5,maze,103,1,149994,policy,3000,3000,159.44566345214844,36.81302261352539,12.60394287109375,12.474953651428223,2732,26.5745849609375,81,0.8441888093948364,0,0,0,0,144.37632751464844,33.0046501159668,-2.999964952468872,0.0,0.0,0.0,0.0,0.0,3.0,0.6,28.44996452331543,28.44996452331543
9,6,maze,104,0,149994,policy,3000,3000,142.1645965576172,39.78676986694336,31.181297302246094,27.047048568725586,500,11.216585159301758,48,0.8049246668815613,0,0,0,0,56.383544921875,18.096466064453125,-2.999964952468872,0.0,0.0,0.0,0.0,0.0,3.0,0.6,22.45723533630371,37.262062072753906
9,7,maze,104,1,149994,policy,3000,3000,174.6312713623047,39.78676986694336,2.2858145236968994,0.18309181928634644,1781,40.36417770385742,125,0.8016985058784485,0,0,0,0,202.9022216796875,47.12626266479492,-2.999964952468872,0.0,0.0,0.0,0.0,0.0,3.0,0.6,22.45723533630371,37.262062072753906
9,8,maze,105,0,149994,policy,3000,3000,181.89573669433594,50.997222900390625,28.004751205444336,27.98249053955078,2577,26.517671585083008,135,0.7710933089256287,0,0,0,0,103.99641418457031,39.708045959472656,-2.999964952468872,0.0,-0.3185686469078064,0.0,0.0,0.0,3.0,0.6,36.20426559448242,41.73569107055664
9,9,maze,105,1,149994,policy,1830,3000,122.6693344116211,50.997222900390625,33.892822265625,27.97099494934082,1198,25.367809295654297,122,0.5668495297431946,0,1,1,0,99.48695373535156,35.88432693481445,-1.8300294876098633,0.0,-0.9520922303199768,0.0,0.0,-300.0,3.0,0.6,36.20426559448242,41.73569107055664
9,10,maze,106,0,149994,policy,3000,3000,144.64036560058594,20.522558212280273,4.209716320037842,0.30268290638923645,701,17.422006607055664,53,0.8131270408630371,0,0,0,0,169.7840118408203,38.737876892089844,-2.999964952468872,0.0,0.0,0.0,0.0,0.0,3.0,0.6,16.57559585571289,16.57559585571289
9,11,maze,106,1,149994,policy,3000,3000,145.72860717773438,20.522558212280273,4.234217643737793,0.5328155755996704,770,17.417428970336914,55,0.8473723530769348,0,0,0,0,169.739013671875,40.199684143066406,-2.999964952468872,0.0,0.0,0.0,0.0,0.0,3.0,0.6,16.57559585571289,16.57559585571289
10,0,maze,101,0,149994,policy,3000,3000,141.45120239257812,44.0926628112793,46.98881912231445,34.40070724487305,390,3.136784553527832,37,0.6531310677528381,0,0,0,0,14.228096008300781,12.587132453918457,-2.999964952468872,0.0,-3.482025384902954,0.0,0.0,0.0,3.0,0.6,36.94566345214844,31.30017852783203
10,1,maze,101,1,149994,policy,3000,3000,152.72015380859375,44.0926628112793,46.98250961303711,29.81206703186035,643,3.1219751834869385,48,0.6280795931816101,0,0,0,0,14.160954475402832,16.329252243041992,-2.999964952468872,0.0,-7.625080585479736,0.0,0.0,0.0,3.0,0.6,36.94566345214844,31.30017852783203
10,2,maze,102,0,149994,policy,3000,3000,129.1497039794922,26.98373794555664,23.922767639160156,23.806528091430664,310,4.1812520027160645,6,0.6176832318305969,0,0,0,0,30.99091911315918,3.3353421688079834,-2.999964952468872,0.0,-129.82916259765625,0.0,0.0,0.0,3.0,0.6,17.088871002197266,24.572813034057617
10,3,maze,102,1,149994,policy,3000,3000,98.49625396728516,26.98373794555664,28.01919937133789,21.882213592529297,194,1.0369662046432495,17,0.6591131687164307,695,0,0,0,7.6858625411987305,9.4501371383667,-2.999964952468872,-69.49951171875,-1.6842972040176392,0.0,0.0,0.0,3.0,0.6,17.088871002197266,24.572813034057617
10,4,maze,103,0,149994,policy,454,3000,23.867538452148438,36.81302261352539,31.234399795532227,31.225116729736328,402,9.687440872192383,14,0.5840925574302673,0,1,1,0,52.63046646118164,5.704503059387207,-0.4539977014064789,0.0,-7.618898391723633,0.0,0.0,-300.0,3.0,0.6,28.44996452331543,28.44996452331543
10,5,maze,103,1,149994,policy,3000,3000,151.29307556152344,36.81302261352539,18.45435905456543,17.20037841796875,1963,24.036693572998047,75,0.6359298825263977,0,0,0,0,130.58802795410156,30.559864044189453,-2.999964952468872,0.0,-3.6163408756256104,0.0,0.0,0.0,3.0,0.6,28.44996452331543,28.44996452331543
10,6,maze,104,0,149994,policy,904,3000,43.319698333740234,39.78676986694336,31.194704055786133,31.047897338867188,886,11.224309921264648,16,0.59012770652771,0,1,1,0,56.42234420776367,6.0321574211120605,-0.9039919376373291,0.0,-19.297012329101562,0.0,0.0,-300.0,3.0,0.6,22.45723533630371,37.262062072753906
10,7,maze,104,1,149994,policy,762,3000,42.65729522705078,39.78676986694336,34.5299072265625,28.533390045166016,319,5.4680047035217285,35,0.5863080024719238,0,1,1,0,27.48657989501953,13.195338249206543,-0.7619937658309937,0.0,-8.968916893005371,0.0,0.0,-300.0,3.0,0.6,22.45723533630371,37.262062072753906
10,8,maze,105,0,149994,policy,488,3000,24.360761642456055,50.997222900390625,46.99421310424805,46.82073974609375,97,7.0286335945129395,10,0.5830164551734924,0,1,1,0,27.564756393432617,2.9413368701934814,-0.48799726366996765,0.0,-6.381776332855225,0.0,0.0,-300.0,3.0,0.6,36.20426559448242,41.73569107055664
10,9,maze,105,1,149994,policy,546,3000,32.52245330810547,50.997222900390625,35.17485427856445,35.17485427856445,546,19.450340270996094,32,0.5886669754981995,0,1,1,0,76.27997589111328,9.412280082702637,-0.5459965467453003,0.0,-2.970777988433838,0.0,0.0,-300.0,3.0,0.6,36.20426559448242,41.73569107055664
10,10,maze,106,0,149994,policy,1010,3000,51.515350341796875,20.522558212280273,14.880731582641602,10.300537109375,404,14.08578872680664,27,0.5874374508857727,0,1,1,0,137.27125549316406,19.73438262939453,-1.00999116897583,0.0,-40.42437744140625,0.0,0.0,-300.0,3.0,0.6,16.57559585571289,16.57559585571289
10,11,maze,106,1,149994,policy,3000,3000,137.82472229003906,20.522558212280273,22.124774932861328,15.146242141723633,467,1.8335752487182617,21,0.6483915448188782,0,0,0,0,17.86882972717285,15.348960876464844,-2.999964952468872,0.0,-7.58309268951416,0.0,0.0,0.0,3.0,0.6,16.57559585571289,16.57559585571289
